contributer_ID,contributor_name,number_of_pages_worked
7777,Thomas Erickson,109
7778,Lucas Sanford,108
7779,Cory Fleming,59
7780,Walter Martinez,148
7781,Michael Garza,113
7782,Michelle Stone,112
7783,Mark Stevens,98
7784,Diane Padilla,113
7785,Stephanie Diaz,81
7786,Tammy Cummings,56
7787,Jill Edwards,70
7788,Matthew Smith,69
7789,Robert Bailey,75
7790,Melissa Crawford,117
7791,Jennifer Mack,135
7792,Kevin Shepard,64
7793,Lee Caldwell,134
7794,Brandy Cruz,128
7795,Robert Caldwell,135
7796,Jill Browning,141
7797,Erik Black,63
7798,Terri Pearson,76
7799,Pamela Dean,89
7800,Jacqueline Elliott,107
7801,Megan Soto,77
7802,John Hernandez,75
7803,Margaret Farmer,112
7804,George Brown,115
7805,Bradley Taylor,74
7806,Corey Greene,52
7807,Lisa Escobar,121
7808,Gary Nichols,93
7809,Erik Mccoy,146
7810,Natasha Conway,91
7811,Richard Hooper,148
7812,Dominic Walker,55
7813,Lauren Jones,88
7814,Jessica Nolan,101
7815,Tiffany Phillips,72
7816,Jared Proctor,138
7817,Michael Spencer,99
7818,Dr. Frank Wilcox,92
7819,Amanda Lopez,68
7820,Tina Raymond,118
7821,Tiffany Martinez,100
7822,Rebecca Williams,60
7823,Cameron Carpenter,61
7824,Stephanie Taylor,123
7825,Mr. Evan Stafford,57
7826,Brian Sims,73
7827,Richard Brown,141
7828,Anthony Berg,90
7829,Travis Duncan MD,85
7830,Frederick Palmer,134
7831,Katherine Fletcher,121
7832,Cheyenne Smith,104
7833,Angela Myers,58
7834,Christopher Bender,96
7835,Andrea Pierce,64
7836,David James,97
7837,Jill Cobb,131
7838,Tyler Owens,91
7839,Bonnie Roberts,109
7840,Chelsea Webb,133
7841,Casey Evans,119
7842,Karl Sanders,61
7843,Tammy Johnson,51
7844,David Johnson,56
7845,Herbert White,129
7846,Ryan Yu,52
7847,Laura Richards,52
7848,Julia Sexton,76
7849,Michael Elliott DVM,89
7850,Steven Foster,82
7851,Daniel Torres,141
7852,Steven Trujillo,50
7853,Jeremiah Patterson,57
7854,Zachary Harmon,81
7855,Suzanne Johnson,97
7856,Brittany Smith,53
7857,Julie Wall,143
7858,Heather Allen,119
7859,Jessica Jacobs,68
7860,Susan Scott,81
7861,Kathy Pratt,58
7862,James Turner,61
7863,Michael Cortez,60
7864,Andrew Duran,95
7865,Jay Yates,65
7866,Michaela Mathews,50
7867,Caitlin Cisneros,112
7868,John Baker,70
7869,Darrell Pugh,79
7870,Bill Davis,62
7871,Gregory Hughes,83
7872,Natasha Wolf,53
7873,Morgan Lozano,77
7874,Michael Jones,144
7875,Nathaniel Reyes,108
7876,Kirsten Mcconnell,76
7877,Sydney Tyler,118
7878,Tommy Knox,74
7879,Miss Brianna Scott,52
7880,Julia Best,146
7881,Tom Mullen,117
7882,Amy Thomas,74
7883,Jamie Baldwin,69
7884,Danielle Parks,83
7885,Zachary Hancock,75
7886,Christopher Terry,54
7887,Zachary Underwood,148
7888,Michael Murphy,110
7889,Christopher Hoover,141
7890,Alexander Gallagher,142
7891,Dorothy Ingram,58
7892,Andrea Parks,99
7893,April Jacobs,55
7894,Samuel Hunter,132
7895,Rita Chase,109
7896,Diane Williams,93
7897,Amy Hansen,60
7898,Alexandra Zimmerman,115
7899,Kevin Kane,96
7900,Troy Ortiz,122
7901,Zachary Grant,134
7902,Cathy Hernandez,137
7903,Patrick Phillips,147
7904,Hunter Harmon,135
7905,Daniel Kennedy,52
7906,Joshua Wong,125
7907,Morgan Beck,141
7908,Austin Wade,79
7909,Steven Boyd,139
7910,Angela Johnson,70
7911,Mary Jones,77
7912,Leslie Petersen,139
7913,Mary Lee,111
7914,Brianna Hernandez,82
7915,Kendra Graham,134
7916,Alexis Gallagher,84
7917,Douglas Ellison,101
7918,Bryce Duffy,83
7919,Michelle Elliott,90
7920,Rachel Ortiz,100
7921,Tyler Coleman,96
7922,Mark Spencer,131
7923,Mary Brady,107
7924,Melissa Anderson,124
7925,Kristin Ponce,106
7926,Mallory Torres,72
7927,Jimmy Ramirez,97
7928,Jessica Hill,71
7929,Jennifer Sullivan,66
7930,Karen Cruz,118
7931,Carla Galloway,60
7932,Joanna Jones,143
7933,Michael Hernandez,64
7934,Jodi Miller,140
7935,David Spears,84
7936,Katie Griffith,82
7937,Ryan Logan,133
7938,Rhonda Howard,65
7939,Lindsey Snyder,83
7940,Lisa Anderson,115
7941,Chelsey Matthews,148
7942,Brian Johnson,89
7943,Vincent Krause,77
7944,Tammie Dickson,96
7945,Paula Aguilar,88
7946,Alison Taylor,119
7947,Lisa Day,122
7948,Regina Morales,69
7949,Scott Hernandez,50
7950,Angela Evans,121
7951,Tami Fitzpatrick,136
7952,Sean Salas,112
7953,Anna Santana,116
7954,Carol Cardenas,53
7955,Carla Adams,107
7956,Ryan Taylor,74
7957,Benjamin Shaw,96
7958,Meredith Warren,87
7959,Danielle Knight,64
7960,Joseph Morales,112
7961,Robin Pace,70
7962,Timothy Snyder,148
7963,Adrian Brown,106
7964,Andrew Williams,102
7965,Kyle Lambert Jr.,95
7966,James Brown,63
7967,Allison James,149
7968,Tiffany Knight,125
7969,Alice Gilbert,66
7970,Kevin Crawford,88
7971,Jack Johnson,58
7972,Sarah Roberts,148
7973,Michelle Campbell,126
7974,Shawn Gonzalez,128
7975,James Smith,131
7976,Andrew Byrd,146
7977,Karen Calhoun,55
7978,Juan Moore,140
7979,Justin Ellison,72
7980,Shirley Lopez,108
7981,Ricardo Weaver,140
7982,Jack Lee,147
7983,Andrea Clements,95
7984,Kayla Morse,87
7985,Audrey Williams,63
7986,Joe Montoya,149
7987,Brianna Donaldson,121
7988,Nathan Williams,111
7989,Charles Jones,84
7990,Andrea Fowler,68
7991,Tracy Vance,79
7992,Gary Watts,127
7993,Randall Smith,133
7994,Bethany Nelson,74
7995,Cynthia Jones,89
7996,Christopher Willis,137
7997,Joshua Young,63
7998,Katherine Solis,75
7999,Kelly Martinez,136
8000,Amanda Phillips,71
8001,Dana Romero,97
8002,Maria Booth,132
8003,Jonathon Alexander,100
8004,Joseph King,52
8005,Latoya Park,91
8006,Vicki Small,68
8007,Thomas Gallagher,122
8008,Timothy Williams,77
8009,Allison Sharp,133
8010,Collin Hamilton,94
8011,Jacqueline Smith,120
8012,Tammy George,127
8013,Bethany Lewis,112
8014,Randy Torres,122
8015,Carl Ramirez,68
8016,Julia Nelson,96
8017,Jennifer Mueller,63
8018,Mr. Jeremiah Adams MD,87
8019,Mary Hernandez,102
8020,Todd Mckinney,110
8021,James Reynolds,85
8022,Daniel Travis,89
8023,Nicholas Sullivan,130
8024,Kevin Carney,79
8025,John Fisher,58
8026,Mrs. Mary King,113
8027,Andrew Novak,82
8028,Catherine Stevens,101
8029,Eric Garrison,138
8030,Jeff Brennan,63
8031,Anna Rodriguez,124
8032,Dawn Diaz,102
8033,Steven Pollard,148
8034,Sandra Brown,108
8035,Emma Morgan,127
8036,Eric Carter,143
8037,Robert Black,90
8038,Krystal Mcmahon,117
8039,Albert Farley,117
8040,Tony White,141
8041,Kathy Howell,57
8042,Connie Copeland,51
8043,Bradley Nguyen,135
8044,Deborah Woods,90
8045,Emily Gutierrez,104
8046,Jennifer Lambert,65
8047,Amanda Kim,142
8048,Janet Miller,111
8049,Dr. Heather Shannon,97
8050,Mrs. Dana Wright,79
8051,Hannah Kelley,61
8052,Tamara Thomas,84
8053,Bethany Benson,60
8054,Amanda Page,113
8055,Ricky Wade,99
8056,Jonathan Mitchell,134
8057,Eric Tran,70
8058,Timothy Acevedo,118
8059,Courtney Maxwell,97
8060,Benjamin Kennedy,69
8061,Julie Vargas,116
8062,Vincent Beasley,93
8063,Timothy Mcknight,82
8064,Evelyn Gonzales,122
8065,Mr. Richard Campbell,110
8066,Edward Porter,58
8067,Ashley Wallace,117
8068,Dr. Joseph Davis,84
8069,Ashley Barrera,130
8070,Joshua Robles,147
8071,Greg Davis,137
8072,Dawn Thornton,145
8073,George Lowe,114
8074,Nancy Conley,57
8075,Katherine Duarte MD,94
8076,Richard Parker,136
8077,Kristy Smith,96
8078,Ryan Kelley,89
8079,Amber Smith,125
8080,Joshua Ortiz,103
8081,Daniel Gardner,125
8082,Jessica Ingram,95
8083,Emily Sandoval,96
8084,Jose Greene,64
8085,Deborah Hunter,68
8086,Brandon Jones,75
8087,Samuel Vance,101
8088,Sharon Martin,142
8089,Derrick Lee,71
8090,Cathy Price,70
8091,Christopher Soto,100
8092,Brian Young,87
8093,Jeffrey Williams,69
8094,Mrs. Sherri Johnson MD,78
8095,Michael Austin,100
8096,Lori Patterson,53
8097,Christopher Jordan,104
8098,Stacy Hendrix,120
8099,Richard Oliver,141
8100,Matthew Reilly,77
8101,Cory Coleman,53
8102,Brian Martinez,71
8103,Terri Mann,125
8104,Melissa Miller,94
8105,Jason Peters,116
8106,Mr. Jonathan Patel,135
8107,Cory Brown,115
8108,Justin Davis,137
8109,Gary Mitchell,83
8110,Luis Ballard,140
8111,Claire Jones,104
8112,Briana Mason,50
8113,Donald Lyons,121
8114,Patricia Benton,136
8115,George Keith,87
8116,Ronnie Reeves MD,55
8117,Dr. Mariah Schultz,135
8118,Natalie Patterson,74
8119,Patricia Hull,131
8120,Debra Greene,66
8121,Kenneth King,110
8122,Amanda Ball,61
8123,Lauren Robbins,55
8124,Nancy Harrison,139
8125,Rhonda Flores,76
8126,Erica Perez,57
8127,Jamie Hardin,132
8128,James Morrison,114
8129,Richard Williams,106
8130,Elizabeth Francis,142
8131,Misty Burnett,148
8132,Sandra Ford,89
8133,Brandon Johnson,63
8134,Michael Martinez,84
8135,Amanda Reyes,97
8136,Monica Hodges,133
8137,Marc Roy,105
8138,Savannah Owen,98
8139,Madison Horn,62
8140,Andrew Phillips,110
8141,Lee Clark,98
8142,Karen Daniels,95
8143,Jacqueline Martin,111
8144,Tina Oneill,57
8145,Arthur Fritz,92
8146,Ashley Morris,69
8147,Meghan Carpenter,146
8148,Jacob Lee,139
8149,Brandon Bowman,88
8150,Susan Dawson,134
8151,Becky Parker,98
8152,Joseph Hardy,113
8153,Rebecca Fields,111
8154,Kristina Estrada,103
8155,Joseph Lawson,58
8156,Olivia Andrade,137
8157,Kathryn Powell,86
8158,Michael Campos,98
8159,Diane Dunlap,90
8160,Ryan Robertson,66
8161,Sherry Mcmillan,137
8162,Kevin Stevenson,70
8163,Joseph Rollins,100
8164,Edward Dillon,108
8165,Laura Hill,88
8166,Shawn Flowers,104
8167,James Mendez,90
8168,Kenneth Hamilton,88
8169,Dennis Blevins,62
8170,Sheena Rodriguez,113
8171,Breanna Flores,60
8172,Ian Rivera,68
8173,Elizabeth Graves,60
8174,Courtney Salas,126
8175,Alexandra Oneill,95
8176,Steven Acevedo,94
8177,Vamsikrishna,120
