creator_ID,Creator Name,Gender,Country
123,Candice Cooper,Female,Saint Vincent and the Grenadines
124,Molly Bennett,Other,Cambodia
125,Regina Henderson,Female,Vanuatu
126,Lauren Barker,Female,Belize
127,Matthew Davis,Other,British Indian Ocean Territory (Chagos Archipelago)
128,Jonathan Vaughn,Other,Pakistan
129,Janice Simmons,Male,Netherlands
130,Beth Smith,Male,Morocco
131,Derek Dennis,Female,Mozambique
132,Brenda Brown,Male,Ecuador
133,Jean Rodriguez,Female,Albania
134,Elizabeth Diaz,Female,Ethiopia
135,Kayla Carlson,Male,Mongolia
136,Jeremiah Kelley,Female,Aruba
137,Alexis Fisher,Other,Philippines
138,Sandra Cabrera,Other,Samoa
139,David Palmer,Other,Aruba
140,Patrick Howell,Female,Mozambique
141,Melissa Owen,Other,Barbados
142,Thomas Howard,Other,Cambodia
143,Christian Shelton,Male,Portugal
144,Zachary Moss,Male,Libyan Arab Jamahiriya
145,Kenneth Holland,Male,Zimbabwe
146,Heather Foster,Female,Namibia
147,Cindy Cochran,Other,Netherlands
148,Lindsay Barron,Female,Bhutan
149,Joel Keller MD,Other,Tonga
150,Samuel Faulkner,Other,Faroe Islands
151,Tammy Baker,Female,Grenada
152,Amanda Rubio,Male,Vanuatu
153,Eddie Wright,Other,Bulgaria
154,Kevin Willis,Male,Solomon Islands
155,Tina Brown,Other,Bolivia
156,Bonnie Watson,Male,Cayman Islands
157,Amanda Kim,Male,Saint Martin
158,Stephen Griffith,Other,Serbia
159,Allen Rodriguez,Female,Georgia
160,David Mclean,Male,Czech Republic
161,Michael Espinoza,Other,Portugal
162,Jennifer Davis,Male,Cook Islands
163,Jessica Richardson,Other,Philippines
164,Scott Page,Other,Armenia
165,James Martinez,Female,Barbados
166,Cathy Erickson,Male,Cayman Islands
167,Nicholas Lopez,Other,San Marino
168,Christine Gutierrez,Male,Egypt
169,Maria Levy,Male,Bolivia
170,Elizabeth Smith,Male,Ukraine
171,Ashley Price,Male,Indonesia
172,Jamie Torres,Male,Sri Lanka
173,Jennifer Liu,Male,Cyprus
174,Bryan Palmer,Other,Lesotho
175,Janet Wheeler,Other,Syrian Arab Republic
176,Dawn Johnson,Female,Seychelles
177,Tanya Olson,Female,Hungary
178,Desiree Walsh,Other,Venezuela
179,Justin Craig,Other,Honduras
180,Donna Lawrence,Female,Antarctica (the territory South of 60 deg S)
181,Jonathan Phillips,Male,Norfolk Island
182,Debra Curtis,Female,Argentina
183,Leslie Buchanan,Male,Turks and Caicos Islands
184,Douglas Turner,Female,Benin
185,Kenneth Phillips,Male,Western Sahara
186,Chad Ramos,Other,Hungary
187,Rebecca Smith,Other,Tonga
188,Brandi Hernandez,Male,Bahrain
189,Robert Lopez,Female,Malawi
190,Kaitlyn Wilson MD,Other,Heard Island and McDonald Islands
191,Julie Jones,Male,British Virgin Islands
192,Clifford Chase,Female,Congo
193,Scott Martin,Male,Bahrain
194,Frank Barnes,Female,Gabon
195,Christian Hayden,Male,Puerto Rico
196,William Bailey,Other,Barbados
197,Rebecca Brown,Other,United States of America
198,Lori Torres,Other,Mauritius
199,Alison Gonzalez,Female,Korea
200,Andrea Bailey,Male,Benin
201,Antonio Mooney,Female,Tunisia
202,Corey Smith,Female,Singapore
203,Daniel Gonzalez,Other,Aruba
204,Joshua Flores,Other,Kazakhstan
205,Charles Kelly,Female,Palestinian Territory
206,Lauren Chapman,Male,Guadeloupe
207,James Taylor,Female,Liechtenstein
208,John Gonzalez,Male,Korea
209,Andrew Dixon,Other,Aruba
210,Veronica Barajas,Other,Hong Kong
211,Ronald Brock,Other,Palau
212,Steve Clark,Other,Montserrat
213,Lee Cruz,Female,United States of America
214,Emily King,Other,Cambodia
215,David Larsen,Male,Liberia
216,Bryan Boyd,Female,Slovakia (Slovak Republic)
217,Dennis White,Female,Nigeria
218,Theodore Hoffman,Female,French Guiana
219,Thomas Soto,Other,Reunion
220,Kara Ware,Female,New Caledonia
221,Brandon Logan,Male,South Georgia and the South Sandwich Islands
222,Donna Woods,Male,United States Minor Outlying Islands
223,Nageshwaran,Male,India
