customer_ID,customer_name,gender,phone_number
23101,Kimberly Mckinney,Other,2821967646
23102,Shaun Sanchez,Female,8487995521
23103,Dennis Ibarra,Other,2033249977
23104,Brandon Huynh,Female,8975059711
23105,Jeanette Liu,Male,5097216782
23106,Jeremy Phillips,Male,9742588225
23107,Michael Horn,Male,6356067060
23108,Tyler Marshall,Female,1663190109
23109,Justin Harris,Male,6476498203
23110,Maria Bowman,Female,2045888850
23111,Stephanie Arnold,Male,75900298
23112,Lauren Maxwell,Male,4520730432
23113,Glenn Campos,Female,4999120122
23114,Eric Cisneros,Other,3491891685
23115,Michael Reeves,Male,5866188715
23116,Christopher Nelson,Male,4149757508
23117,Jeffery Lawrence,Male,1936774516
23118,Maria Sullivan,Female,9777465521
23119,Joseph Harrell,Male,171569053
23120,Carlos Perez,Male,2687213431
23121,Ralph Davis,Male,1763222585
23122,Catherine Foley,Other,7232241015
23123,Christopher Craig,Female,8089166591
23124,Eric Mcdowell,Male,4226638907
23125,Debbie Key,Female,3759989339
23126,Linda Mendoza,Male,5205933643
23127,Patrick Orozco,Other,8114024999
23128,Stephen Robinson,Female,7613544728
23129,Jodi White,Other,7750760623
23130,Stephanie Williams,Male,2690340718
23131,Elizabeth Sims,Other,5038181779
23132,Angela Perez,Other,7653029481
23133,Thomas Williams,Male,56046512
23134,Melanie Diaz,Male,2320394231
23135,Jeanette Price,Male,4654718941
23136,Katrina Roberts,Female,8002005210
23137,Justin Mccarthy,Other,5871319155
23138,Steven Macdonald,Male,7379510951
23139,Dr. Lucas Foster,Male,1815221693
23140,Christina Brown,Female,484176491
23141,William Oneal,Female,8004759919
23142,Robyn Warner,Female,7004800669
23143,Anthony King,Female,2148570767
23144,Joel Hall MD,Female,8384659980
23145,Lori Collins,Other,318194470
23146,Matthew Irwin,Other,9361882787
23147,Joseph Johnson,Male,1465227337
23148,Mrs. Shari Miller,Other,2160394129
23149,Michaela Ortega,Female,3382568907
23150,Justin Bates,Male,9808394118
23151,Susan Meyer,Male,1439389489
23152,David Robertson,Male,1541625583
23153,Wendy Bowers,Female,8325978112
23154,Evelyn Gardner,Other,7183392318
23155,Terry Thornton,Female,7875019655
23156,Kimberly Burns,Female,1913253227
23157,Lori Ross,Female,4306100855
23158,Michael Greene,Female,8116305370
23159,Ashley Norton,Female,6055765408
23160,Angela Pierce,Male,8527540632
23161,Nichole Smith,Male,1112483811
23162,Drew Gillespie,Male,2038261726
23163,Alexander Smith,Female,4252520359
23164,Elizabeth Herrera,Female,9771142085
23165,Barbara Williams,Other,8053541101
23166,Shannon Phillips,Other,4111117062
23167,Cynthia Carr,Male,999571209
23168,William Love,Female,3270095909
23169,Corey Madden,Female,4465713040
23170,Kevin Shelton,Other,3031890560
23171,Cole Brown,Female,4096859945
23172,Chelsea Valdez,Male,7257479337
23173,Donald Daniels,Female,7756016431
23174,Kevin Simon,Female,746665265
23175,Ryan Bennett,Other,3778174528
23176,Jason Bowman,Male,3561986506
23177,Shawn Dunn,Male,6794291097
23178,Karen Fields,Other,6991187693
23179,Melinda Bell,Female,9465660321
23180,Brian Price,Other,246764599
23181,Joanna Pearson,Female,6918887050
23182,Robert Baldwin,Other,6978232173
23183,Brian Peters,Other,8686980210
23184,David Young,Male,4366336298
23185,Catherine Brown,Other,6709080281
23186,Matthew Duffy,Female,8322982104
23187,David Dennis,Other,864238019
23188,John Stafford,Male,6830200353
23189,Megan Snyder,Male,3730977883
23190,William Lindsey,Other,6792883054
23191,Christopher Wyatt,Male,3224882142
23192,Rebecca Dunlap,Male,8790726397
23193,Cassandra Jennings,Other,5070447526
23194,Andrew Smith,Other,5694010081
23195,Alison Walsh,Male,6787386063
23196,Mr. Dylan Hernandez Jr.,Other,8744305716
23197,Chelsea Kirk,Male,5791571453
23198,Carl Garrett,Female,8379110497
23199,Jason Williams,Other,9277912631
23200,Tracy Brooks,Other,2835196559
23201,James Wells,Male,6293540618
23202,Arthur Maxwell,Male,8845466912
23203,William White,Other,2425538349
23204,Christopher Rose,Male,163291447
23205,Victor Robbins,Other,5573088448
23206,Richard Hancock,Male,1462320196
23207,Michael Patel,Female,3838818062
23208,Vincent Lambert,Male,6168775565
23209,Jennifer Oliver,Male,7570418762
23210,Laura Carter,Male,969312300
23211,Bradley Monroe,Female,485195310
23212,James Lyons,Male,7261973178
23213,Taylor Leblanc,Female,5957723306
23214,Jeffrey Wang,Male,3379888971
23215,Maurice White,Female,8170581437
23216,Daniel Watson,Female,7328984721
23217,Jill Marshall,Male,9006350021
23218,Steven Bradley,Female,7348818602
23219,Tracy Gutierrez,Female,4883352470
23220,Erica Madden,Female,7056357280
23221,James Bernard,Other,6644358833
23222,Angelica Barrett MD,Other,6056213824
23223,Elizabeth Roberts,Male,5641856478
23224,Jon Duke,Other,8680270220
23225,Caitlin Hopkins,Female,1193177004
23226,Katherine Weber,Other,3321599530
23227,John Brooks,Female,8896829049
23228,James Green,Female,3644624054
23229,Morgan Wong,Female,2688917106
23230,Stephanie Johnson,Female,2578012271
23231,Jesse Baker,Other,7520068661
23232,Ryan Conner,Female,9151177416
23233,Anthony Miller,Male,9973059254
23234,Craig Roy,Female,6035210494
23235,Margaret Houston,Male,6839197058
23236,Stephanie Ward,Male,2158802501
23237,Todd Cook,Female,4467174270
23238,Nicholas Reed,Female,765882462
23239,Aaron Ramirez,Female,2291752212
23240,Mitchell Fox,Other,3613966099
23241,Patrick Brown,Male,3327735036
23242,Shawn Stone,Female,307262253
23243,Shelby Day,Male,9025208798
23244,Casey Ali,Female,2984375533
23245,Regina Harvey,Female,5147162231
23246,Douglas Greer,Other,790863275
23247,Caitlyn Pugh,Female,6118253388
23248,Sean Washington,Male,5871894206
23249,Jean Valdez,Other,3064611909
23250,Emily Steele,Other,9246662384
23251,John Johnson,Male,1789023598
23252,Tyrone Houston,Other,6016999675
23253,Edward Gilbert,Other,2683248068
23254,Cynthia Reynolds,Male,5268801422
23255,Kelly Ibarra,Male,8151926377
23256,Emily Smith,Other,6868807368
23257,Dawn Mason,Male,966168145
23258,Thomas Zavala,Other,3999997230
23259,James Peterson,Female,8372763368
23260,Patrick Wilson,Female,1610182580
23261,John Velazquez,Male,1871133818
23262,Robert Hunter,Female,6742944535
23263,Margaret Thornton,Female,6665481612
23264,Miguel Thompson,Male,4510044501
23265,Rose Ross,Female,3426015251
23266,Jacob Mcfarland,Other,7678601311
23267,Carly Ryan,Female,1079664367
23268,Michael Galloway,Other,7487801772
23269,Roger Moss,Other,9544646659
23270,Brent West,Other,6806704800
23271,Tiffany Robinson,Female,5240792017
23272,Nancy Espinoza,Female,5049898789
23273,Jessica Lopez,Other,1558775974
23274,Brett Tucker,Other,8932813167
23275,Carly Banks,Male,493863312
23276,Sarah Compton,Female,2055136987
23277,Benjamin Smith,Male,700927801
23278,Matthew Moran,Male,2012290314
23279,Lindsay Harrell,Other,7844435393
23280,Katherine Evans,Other,960788812
23281,Kayla Brown,Male,1911631274
23282,Stephen Brown,Other,184719617
23283,Robert Perry,Male,9830148584
23284,Stephanie Sims,Other,3383403499
23285,Ryan Zuniga,Male,8718534765
23286,Shane Ruiz,Male,5055439563
23287,Robert Winters,Male,9595321031
23288,Victoria Walsh,Other,6695601483
23289,Lori Marsh,Other,2533479950
23290,Jason Cruz,Female,3741626576
23291,Jonathan Mendez,Male,8862151943
23292,Zachary Walls,Female,3086731264
23293,Jeff Thomas,Female,8999684894
23294,Sara Roberts,Male,4423099938
23295,Jeffery Hickman,Male,635964723
23296,Jeffery Logan,Male,5679299560
23297,Gregory Barrett,Male,4709913036
23298,Brandy Nelson,Other,4377273638
23299,Melissa Banks,Female,2192435458
23300,Mike Mitchell,Female,2336664882
23301,Molly Cochran,Other,3746071349
23302,Jaime Marshall,Female,4461836928
23303,Jose Calhoun,Other,7447740336
23304,Nancy Flores,Other,9499461051
23305,Diana Rice,Other,3570380989
23306,Debbie Hensley,Other,686282086
23307,Tina Turner,Other,1226411910
23308,Lauren Wilson,Male,1366128085
23309,Briana Wright,Male,3917765152
23310,Stephen Williams,Female,2248167886
23311,Lori Carroll,Female,6212058691
23312,John Brewer,Other,9839174240
23313,Martha Grimes,Other,9290298458
23314,Robert Lee,Male,4699188602
23315,David Patton,Male,6475416351
23316,Natasha Kelly,Other,3450910729
23317,Ms. Claudia Johnson DDS,Male,941024237
23318,Amber Brown,Other,4516820974
23319,Mark Curry,Male,7597284011
23320,Teresa Aguirre,Male,3002959123
23321,Todd Lopez,Other,2758726036
23322,Ashley Powell,Male,4539921570
23323,Andrew Montoya,Male,2682901268
23324,David Green,Male,6190863521
23325,Beth Medina,Other,2024991294
23326,David Humphrey,Male,4572743001
23327,Angela Young,Female,7287505145
23328,Jose Oliver,Male,2903832787
23329,Edwin Wilson,Other,8506821968
23330,John Scott,Female,6950765093
23331,Julie Robinson,Other,1982122411
23332,Nicole Ruiz,Other,7799898431
23333,Bradley Williams,Other,5437919370
23334,Mrs. Elizabeth Rodriguez MD,Other,9993272918
23335,Gregory Evans,Other,5786009664
23336,Daniel Obrien,Other,8495299710
23337,Gabriel Webb,Other,907680649
23338,David Hernandez,Female,835876666
23339,Michelle Rose,Other,1285314995
23340,Dr. Brittany Garcia,Other,9916493868
23341,Jason Gutierrez,Male,3625892874
23342,David Jones,Male,4858173626
23343,Sean Scott,Other,7983651716
23344,Laura Jones,Male,7885670896
23345,David Bryan,Other,7688203352
23346,Daniel Evans,Other,3999420156
23347,Michael Edwards,Other,4454773165
23348,Michelle Martinez,Other,3949566020
23349,Christina Campbell,Female,7865835201
23350,Jessica Forbes,Male,2533761869
23351,Rick Moyer,Female,6907973670
23352,Keith Blanchard,Female,6351668609
23353,Kristin Baker,Other,5752030885
23354,Christopher Colon,Other,7684159724
23355,Samuel Mitchell,Male,5150271167
23356,Christine Nixon,Other,5443402864
23357,Jennifer Schwartz,Female,912133004
23358,Ronald Vargas,Female,2975410798
23359,Adam Doyle,Male,6816745716
23360,Sarah Hughes,Other,4518412581
23361,Stephen Livingston,Male,3961982793
23362,Nicholas Harrison,Male,7917332900
23363,Lydia Cisneros,Male,3089368736
23364,Sharon Gutierrez,Other,58327643
23365,Abigail Luna,Other,7883232278
23366,Nicole Kennedy,Other,1775659437
23367,Bonnie Gaines,Female,7069644734
23368,Theresa Diaz,Female,9789943728
23369,Elizabeth Moore,Other,3169584498
23370,Amy Chaney,Other,3556766727
23371,Amy Johnson,Female,6399741962
23372,Travis Stewart,Male,8961991583
23373,Nicholas Peterson,Male,225625257
23374,Tanya Berry,Male,7351455341
23375,Jenny Riddle,Male,5583763461
23376,Pamela Jackson,Female,7073202839
23377,Rebecca Collins,Female,9339900723
23378,Billy Rios,Other,2458552079
23379,Edward Bautista,Female,9801839471
23380,Alicia Gonzalez,Male,4367094985
23381,John Parker,Other,7655323103
23382,Brenda Friedman,Female,8394563729
23383,Michael Lopez,Male,6977753211
23384,Ashley Santana,Male,6470692273
23385,Katherine Johnson,Male,9242102402
23386,Benjamin Thompson,Other,5435578993
23387,David Mcdonald,Male,1711277350
23388,Kevin Bryant,Other,3820405395
23389,Anne Smith,Female,2938690192
23390,Sara Edwards,Other,4409991267
23391,David Mcintosh,Female,4910855863
23392,Emily Steele,Other,4683301464
23393,Debra Brown,Other,8164945254
23394,Madison Long,Male,7398504878
23395,Brooke Thompson,Other,8519895164
23396,Joseph Young,Female,3798258097
23397,Alyssa Gonzales PhD,Female,5639905774
23398,Ryan Mcbride,Female,7702399333
23399,Morgan Hunter,Male,7979224231
23400,Shannon Osborne,Male,7175623291
23401,Tracey Hammond,Male,7125416139
23402,Cindy Solomon,Female,3909574208
23403,Daniel Moss,Other,7134757652
23404,Erin Thomas,Female,7286153436
23405,Karen Carlson,Other,2201443758
23406,Lisa Esparza,Male,3849837756
23407,Ryan Rodriguez,Other,2940023502
23408,Ricardo Johnson,Female,7419276298
23409,David Miller,Male,2198376162
23410,Zachary Vaughn,Female,7672833791
23411,Jessica Davidson,Male,717470025
23412,Ivan Torres,Female,7506525750
23413,Jordan Lee,Other,2906418752
23414,Keith West,Male,5254351479
23415,Teresa Werner,Other,6584136101
23416,Philip Clark,Female,9708594640
23417,David Bailey,Female,3767970291
23418,Michele Riley,Female,5917953616
23419,Dr. Sara Ford,Other,2263759296
23420,Kenneth Johnson,Female,2998257233
23421,Melissa Bates,Other,1751228479
23422,Matthew Jones,Female,7095186351
23423,Cynthia Howard,Other,9273167835
23424,Cindy Gonzalez,Male,5951496736
23425,Ricky Burke,Female,12706967
23426,Charles Moon,Male,2831188815
23427,Katherine Chung,Other,2898044630
23428,Brent Moore,Female,2235761635
23429,David Kline,Male,8082530417
23430,Jonathan Young,Other,399806130
23431,Robert Tanner,Other,5338746439
23432,Laura Burke,Female,2393766924
23433,Melissa Hall,Female,3495442847
23434,Dawn Novak,Male,879204045
23435,Frank Powell,Female,2543553758
23436,Eric Mason,Other,2056703081
23437,Rebecca Perez,Other,9592342451
23438,Diana Miles,Female,5835684657
23439,Michele Mercer,Female,7787514672
23440,Pamela Humphrey,Male,1870409285
23441,Jonathan Costa,Female,2188742230
23442,Elizabeth Kelly,Male,570664533
23443,Colleen Kelly,Other,2402298302
23444,Jermaine Arnold,Male,9705636023
23445,John Hall,Female,1346175631
23446,Susan Deleon,Male,7388371486
23447,Aaron Patrick,Male,2342207315
23448,Keith Wells,Male,8283302184
23449,Sara Anderson,Female,1034216327
23450,Katelyn Cunningham,Female,914374167
23451,Julie Oconnell,Female,2096254550
23452,Heather Hudson,Other,6674254070
23453,Linda Mack,Female,585372509
23454,Michael Castro,Male,4914226243
23455,Amanda Jennings,Male,1710069295
23456,Brett Young,Other,7913515524
23457,Gregory Jackson,Male,3941590653
23458,Darrell Hurst,Other,7938397314
23459,Andrea Hall,Other,995759791
23460,Christine Callahan,Other,2385727270
23461,Nathaniel Johnson,Male,3247181568
23462,Matthew Marshall,Female,2438335242
23463,Kristi Rogers,Other,4267695271
23464,Eric Brown,Female,8873752191
23465,Samantha Morrison,Female,4837221499
23466,Joe Franklin,Male,397929789
23467,Debra Rivera,Male,1114198835
23468,Sarah Rodriguez,Other,3267823864
23469,Bryan Sherman,Male,4418727524
23470,Natasha Thomas,Female,5881621498
23471,Matthew Peterson,Female,8357800996
23472,Rachel Smith,Female,7429709546
23473,Courtney Steele,Female,40073629
23474,Zachary Walker,Other,4366085370
23475,Amanda Griffith,Female,8877442950
23476,April Gonzales,Female,4382528551
23477,Steven Nichols,Female,9891109921
23478,Christopher Bennett,Male,3308238198
23479,Erin Jackson,Female,1932632028
23480,Anthony Clark,Female,3896576944
23481,Abigail Holt,Female,3455780801
23482,Catherine Faulkner,Female,1571802470
23483,Matthew Conley,Female,5356908044
23484,Angela Houston,Female,8269327876
23485,Jose Owens,Male,6299198998
23486,Ronnie Woods,Male,6498201642
23487,Ana Dunn,Other,3136968821
23488,Mrs. Sarah Fields,Female,8813278184
23489,Nancy Duncan,Female,170055715
23490,James Rodriguez,Female,5386671393
23491,David Murphy,Male,4220906062
23492,Joseph Stevens,Male,4496966668
23493,Betty Mann,Female,620278917
23494,David Garcia,Female,6341306543
23495,Marie Fields,Female,1018967629
23496,Kimberly Juarez,Other,3708458840
23497,Ashley Hall,Female,9110457814
23498,Laurie Campbell,Other,2611344961
23499,Carl Marshall,Female,6370756472
23500,Crystal Peters,Male,1623239395
23501,Amanda Smith,Other,3876344649
23502,Miguel Edwards,Other,7262568057
23503,Lauren Pham,Female,2579009406
23504,Jennifer Aguilar,Male,5615816856
23505,Amber Anthony,Male,9724433486
23506,Sarah Snow,Female,312131366
23507,Vickie Houston,Male,6919879028
23508,Kevin Rosales,Male,7319829519
23509,Frances Ray,Female,9956472649
23510,Susan Rollins,Female,2892440474
23511,Crystal Small,Male,1872828159
23512,Charles Adams,Other,7698323725
23513,Christine Anderson,Male,2393662804
23514,Larry Johnston,Female,1124587092
23515,Nicholas Jackson,Male,1907796923
23516,Dana Thompson,Other,3159625285
23517,Kara Preston,Female,3279722731
23518,Andrew Faulkner,Male,6329788678
23519,Ashley Bradley,Other,177224331
23520,Steven Benton,Other,9897955357
23521,Kayla Johnson,Female,9408624222
23522,Taylor Swanson,Female,8781605281
23523,Erika Wood,Female,8956379355
23524,Robert Adams,Other,3304287767
23525,Scott Garcia,Female,9050431056
23526,Brandon Cruz,Male,3101602994
23527,Brenda Cunningham,Female,6029057973
23528,Deborah Sheppard,Other,6970169070
23529,Richard Leonard,Other,3875906222
23530,Amy Reid,Other,8645994388
23531,Joseph Young,Male,1927703679
23532,Danny Aguirre,Female,4089839603
23533,Andrea Miller,Other,9534823152
23534,Laurie Johnson,Female,7718075525
23535,Megan Howard,Other,6171070301
23536,Thomas Stewart,Male,203109207
23537,Jill Klein,Female,9432296318
23538,Felicia Logan,Other,2752021902
23539,Jessica Brown,Other,7967833618
23540,Daniel Clark,Female,5288781981
23541,Elizabeth Brown,Female,8241226461
23542,Nicole Kelly,Male,8962324905
23543,Jerry Boyd,Male,206402885
23544,Debbie Patterson,Female,6327392280
23545,Laura Sanchez,Female,4647070019
23546,John Price,Male,9214203499
23547,Stephanie Hernandez,Other,6231627952
23548,Jesse Marshall,Other,2744934025
23549,Melissa Newton,Other,1105523949
23550,Amy Rodriguez,Female,3246210273
23551,Margaret Hall,Other,8526223347
23552,Stephen Davis,Other,7567923020
23553,Kari Morales,Female,9682177515
23554,Debra Terry,Other,3687117477
23555,Michael Townsend,Male,222458087
23556,Laurie Taylor,Female,4322234104
23557,Nicholas Mcguire,Male,2157151167
23558,Colleen Cooper,Female,5227729966
23559,Jason Martinez,Male,7192034598
23560,Eric Taylor,Other,745514391
23561,Robert Bradley,Female,1271673536
23562,Katie Quinn,Female,1209582673
23563,Michael Prince,Other,8716854814
23564,Andrew Martinez,Female,2377715390
23565,Abigail Cain,Male,7930071748
23566,Manuel Jones,Female,5230865178
23567,Lori Black,Male,4875820783
23568,Jason Murphy,Female,9677336668
23569,Catherine Brooks,Other,3431038640
23570,Jennifer Sims,Female,4623107272
23571,Christie Frye,Male,6681292429
23572,Nancy Harris,Male,2841755838
23573,Karen Stafford,Male,9969491029
23574,Laura Elliott,Other,4981534616
23575,Ashley Green,Male,2047473535
23576,Melissa Olson,Other,3008728012
23577,Daniel Wilson,Male,8968614429
23578,Andrew Taylor,Female,6662380876
23579,Ashley Jones,Male,8994379656
23580,Wendy Potter,Male,7931741389
23581,Haley Armstrong,Other,9254002576
23582,Michelle Richardson,Other,9820160887
23583,Patricia Goodwin,Other,6949622823
23584,Ryan Myers,Other,3031509623
23585,Christopher Gibson,Other,9417390455
23586,Michelle Fuentes,Female,9947414539
23587,Tamara Fritz,Male,7160669875
23588,Charles Smith,Other,8533530862
23589,Vanessa Rodriguez,Other,8189336487
23590,Michael Murray,Male,188937875
23591,Elizabeth Ortiz,Male,9612011739
23592,Brittany Valenzuela,Male,671153353
23593,Andrea Sutton,Other,4650997192
23594,Mrs. Megan Rowe,Male,7895248753
23595,Thomas Barry,Other,2469889944
23596,Peter Smith,Other,3681570351
23597,Donald Thomas,Male,1264477667
23598,Sarah Perez,Male,9968113955
23599,Joan Jimenez,Other,750991541
23600,Ronnie Sloan,Male,2857044759
23601,Daniel Lambert,Male,5880228023
23602,Janice Peterson,Male,662961234
23603,Karen Curtis DDS,Male,5438964899
23604,Kristina Rodriguez,Other,5089898995
23605,Mrs. Holly Thornton,Other,5548997585
23606,Cody Farley,Female,8516738873
23607,Angela Smith,Female,7634071354
23608,Sarah Murphy,Male,2823297515
23609,Jesse Walters,Other,3110836961
23610,Omar Rollins,Female,3671821847
23611,Erin White,Male,6112108733
23612,Tonya Terry,Other,2875071620
23613,Diane Frazier,Female,4862810074
23614,John Terry,Female,4251045569
23615,Glenda Price,Female,2841167279
23616,Richard Freeman,Female,643143078
23617,Tiffany Wright,Female,7533395833
23618,Vanessa Johnson,Female,9703032115
23619,Christina Alvarado,Other,5705638295
23620,Nicole Webster,Male,1359102355
23621,Ricky Bell,Female,9604763907
23622,Matthew Hickman,Other,5275410593
23623,Anthony Williams,Female,2899469509
23624,Robert Martin,Male,5170464897
23625,Jay Goodwin,Other,5583094730
23626,Annette Lopez,Other,1464318075
23627,Kristin Wilkins,Other,4640872074
23628,Taylor Mcclain,Other,6847050563
23629,John Salazar,Other,3262664602
23630,John Baker,Male,2538583516
23631,Joel Hardin,Female,595615373
23632,Adam Alexander,Other,3035691753
23633,Matthew Martin,Male,8834427144
23634,Laura Ford,Male,6193030490
23635,Jessica Richardson,Other,7855659087
23636,Marie Mccall,Female,674692580
23637,Amy Moran,Other,9237476248
23638,Vicki Sanchez MD,Male,7577043267
23639,Keith Williamson,Other,1728182456
23640,Raymond Zavala MD,Other,1377927916
23641,Darren Sherman,Female,9455250559
23642,Shawn Hamilton,Male,858144047
23643,Suzanne Williamson,Female,3850516570
23644,Erica Lara,Other,3581174952
23645,Christopher Butler,Other,1265361785
23646,Jessica Wood,Male,1609108503
23647,Alexis Brown,Female,5974463207
23648,Debra Stewart,Female,9770185983
23649,William Lopez,Female,9921717654
23650,Dwayne Smith,Other,5880735816
23651,Stephen Reyes,Male,3550898323
23652,James Martinez,Male,2800714509
23653,Cheryl Wong,Other,5072001601
23654,Kurt Morales,Male,773845434
23655,Derek Jensen,Female,5049086467
23656,Robert Myers,Male,7251358687
23657,Elizabeth Herring,Male,3020544010
23658,Melinda Stokes,Female,6940745520
23659,Brandy Pierce,Male,3086877893
23660,Donna Chan,Female,1296626276
23661,Jason Rose,Other,160556039
23662,Daniel Scott,Female,3400109073
23663,Kelly Vazquez,Female,9406392803
23664,Juan Moore,Female,6255847581
23665,William Parker,Other,6413558232
23666,Leonard Johnson,Male,9369703889
23667,Kenneth Oliver,Female,2376182732
23668,Tanya Wilson,Male,8836501558
23669,Christine Peterson,Female,3530691953
23670,Douglas Jones Jr.,Other,4165224444
23671,Vanessa Hurst,Female,8144029476
23672,Bethany Franklin,Other,8827648770
23673,Nicholas Walker,Female,7782177640
23674,Angela Orozco,Other,6178676326
23675,William Rodriguez,Female,1067062046
23676,Eric Anderson,Other,3776957579
23677,John Herring,Female,9765019421
23678,Clifford White,Female,1312181627
23679,Eric Roberts,Female,5844854275
23680,Jennifer Austin,Other,8729089220
23681,Martin Porter,Male,3690773293
23682,Andre Lee,Other,1473337012
23683,Mia Ross,Other,993720170
23684,Martin Fletcher,Male,1350481633
23685,Gregory Yang,Female,3549103465
23686,Eric Parker,Male,332228369
23687,Patrick Gross,Male,539144872
23688,Richard Martin,Female,1151287674
23689,Kimberly Vargas,Other,6896333923
23690,John Oneill,Male,6322549251
23691,Patricia Morgan,Female,7798265299
23692,Barbara Smith,Other,1954266223
23693,Daniel Schneider,Other,9182615798
23694,Jennifer Ward,Male,8487645377
23695,Jerry Knight MD,Other,7866217063
23696,Dylan Diaz,Other,3689590697
23697,Jessica Mann,Male,9035252298
23698,Gregory Fields,Other,7109279980
23699,Jillian Greer,Female,2212659296
23700,Ashley Campbell,Other,1056132125
23701,Nageshwaran,Male,9047962341
